Subject Heading,Number of Papers
Libraries and Archives,197
Libraries,49
Internet Publishing and Broadcasting and Web Search Portals,48
North Carolina,40
Content analysis,37
Academic libraries,34
Digital libraries,31
Public libraries,28
Archives,26
University of North Carolina at Chapel Hill,24
Metadata,23
Digital preservation,16
Computer systems design and related services (except video game design and development),16
Social media,16
User interfaces,15
Administration of Education Programs,14
All Other Miscellaneous Schools and Instruction,14
Web design,14
Educational Support Services,13
Library special collections,12
Commercial and Institutional Building Construction,12
Library websites,12
Information retrieval,12
